General Work-related Terms,Work Environment,Work Dynamics,Work Performance,Work Schedule,Work Challenges,Work-Life Balance,Work Ethics and Values,Work Rights and Policies,Neurodiversity and Inclusion at Work,Career Development
work,workplace,teamwork,productivity,shift,stress,balance,ethics,rights,inclusion,development
job,office,collaboration,efficiency,schedule,burnout,work-life,integrity,policy,diversity,growth
employment,worksite,cooperation,performance,hours,pressure,time off,honesty,regulation,accommodation,promotion
occupation,remote work,partnership,output,overtime,overload,leave,responsibility,law,accessibility,advancement
profession,telecommuting,synergy,result,part-time,challenge,vacation,accountability,rule,support,training
career,work from home,interaction,achievement,full-time,difficulty,break,dedication,guideline,adjustment,learning
vocation,virtual work,communication,milestone,freelance,obstacle,rest,commitment,standard,sensitivity,skill
position,desk,discussion,goal,contract,hurdle,relaxation,loyalty,procedure,awareness,competency
role,cubicle,meeting,objective,temporary,problem,downtime,reliability,compliance,acceptance,expertise
task,workstation,,target,permanent,issue,leisure,punctuality,contract,empathy,mastery
,,,,,,,,,,
