"tweet_id","text"
1498587227277955072,"meet disability welfare team team host webinar applicant talk support study disability neurodiversity health condition visit register"
1498659669283332096,"womens history month ampinternational womens day month celebration woman host workshop internalamp external speaker cover topic nutrition lifestyle shift worker neurodiversity"
1498677257950445568,"ross experience complete life meaningful live community respect friend tall tale ranch"
1498695554569805824,"happen world view notice strength difference challenge share fantastic insight"
1498705232053903360,"individual discriminate mental health mental health condition crucial continue fight stigma surround brain health embrace neurodiversity"
1498725492400312320,"nasas neurodiversity network school intern summer read apply"
1498919891465908224,"neurodiversity super power tech world"
1498923566959669248,"professor teacher train include guidance educate neurodiverse child dyslexia adhd autism spectrum disorder"
1498971831646232576,"join create neurodiverse wellbeing space explore digital age break barrier amp build network trust amp equity secure mozfest ticket"
1498971945844588544,"join create neurodiverse wellbeing space explore digital age break barrier amp build network trust amp equity secure mozfest ticket"
1499057946520481792,"philosophy art dance idea idea require perspective sam crutcher explore philosophy neurodiversity post philosophy blog"
1499157612557918208,"premium multiple choice test test format student dyslexia"
1499168272985780224,"meme call person horrible action fail ged fail test neurodiversity relate anxiety not_matter relation person hatefuldestructive action action"
1499347506911719424,"learn amaze people space sign celebrate award link"
1499350227223941120,"james marsden disclose hide disability manager fear weak company accommodate people"
1499399260080521216,"knowsley council team deliver free webinars raise awareness learn disability neurodiverse condition onehour session completely free attend"
1499448737235668992,"join summit pack content develop professional invaluable manage report support colleaguesfriends register free"
1499505503767916544,"professor karen waldie educator access knowledge improve outcome neurodiverse learner prevent mental health issue late life explore"
1499512637792702464,"field million job accord cybersecurity venture leadership"
1499562175475634176,"meet person meet person autism panelist asperger autism network share live experience research community knowledge understand"
1499739450741383168,"blog neurodivergence online learn pandemic neurodiversity post"
1499783481915846656,"pacey live webinar pm thursday march join dr pooja sharma senior development officer explore neurodiversity pacey register webinar free"
1499787426805567488,"neurouniformity opposite neurodiversity neurosimilar sentence avoid mental image wear clothe"
1499793801396822016,"spread word neurodiversity recruitment program aim hire people autism spectrum identify neurodivergent numb position job amp apply march"
1499823745015459840,"set vague familiar time kinderkrankenhaus child grey wall hospital production recently stage brehmer auditorium celebrate neurodiversity message production"
1499825771690528768,"meaningful community service core foundation program rockville host neurodiversity job fair pm event feature onsite interview direct service professional"
1499849487912964096,"neurotypical people click mouse program people neurodiversity executive function issue mouse not_work program freeze crash restart system"
1499882384245809152,"homeschooling pandemic powerful option student financially viable read"
1500082152288968704,"discoursejokes shayne social interactionmannerisms lens personally family asperger neurodiversity account"
1500168981302288384,"join thu mar free online discussion history host invite reporter author brilliant not_break join conversation"
1500232672995684352,"couple post neurodiversity language amp social medium post autism amp police account sm subject amp not_always language amp terminology prefer autisticnd community"
1500471267912265728,"neurodiversity understand celebrate society workplace disorder police service curve month"
1500786445681897472,"not_a judgement assume rightly comment hadnt online neurodiversity literally"
1500847236464488448,"philosophy art dance idea idea require perspective sam crutcher explore philosophy neurodiversity post philosophy blog"
1500853163246690304,"psychology fall time neurodiversity"
1500911503196794880,"neurodiversity career connector aim employer tap neurodiverse talent pool"
1500911770113880064,"microsoft quietly unveil pilot program aim connect neurodivergent talent job company neurodiversity roundtable amp establish neurodiverse hire program detail"
1500916695019438080,"ability ireland lead body perform art support neurodiversity amp mental health deliver bespeak creativelife skill programme check upcoming event teen amp kid"
1500932723225075712,"neurodiversity recruitment program aim hire people identify neurodivergent focus ability not_disability offer assessment workplace accommodation apply march"
1500935672772898816,"disabilityin establish employer roundtable neurodiversity career connector aim employer tap neurodiverse pool learn"
1500944391334207488,"bake neurodiversity space quiet concentrate create beautiful outcome beautiful outcome lucky partner incredible talent"
1500961292257009664,"team honest neurodiversity client not_get slick sale pitch swanky office train solution attention detail hadnt realise errrneed"
1500969652524130304,"study benefit organization reap talent individual continue overlook simple tip hire talent"
1501093137569177600,"professor amanda kirby highlight forget neurodiversity heroine international womens day"
1501170258320805888,"workshop hear term neurodiversity term describe brain interpret information highlight people naturally"
1501181952514301952,"adhd fashionable never_not_make blood crawl fight life people cool claim neurodiversity day brain produce imbalance chemical fun"
1501227139269644288,"host neurodiversity job fair meaningful community service core foundation program pm event include onsite interview direct service professional"
1501256597359706112,"livity school passage share view woodland community centre leigham court sw pj march pm free amp plan livity school art workshop plant amp paint chili pot learn cic"
1501260473739665408,"march join learn increase accessibility neurodiversity thinker postsecondary space"
1501276446093811712,"goodness thisll time lisbon portugal matter accept code mental illness survival guide talk platform neurodiversity awareness immense difference"
1501309326857809920,"person identify neurodivergent career neurodiversity program hire variety job career opportunity apply march"
1501333582689681408,"join thu mar pm ptpm free online discussion history bless presence author not_break host"
1501339436810137600,"not_okay half australian experience mental health condition lifetime million adult anxiety depression"
1501498552505323520,"podcast speak neuroscientist psychologist professor anna abraham expert human brain creativity speak creative brain art neurodiversity creative flow fascinate"
1501596691316756480,"paris counterpart attend ministerial conference disability topic incl accessibility amp mobility support educational opportunity neurodiversity research amp inclusive employment suggestion bring"
1501652155492667392,"staffordshire police autism champion pcso phillip millichap visit local college speak student career force passionate break barrier autism neurodiversity inspire never_give continue"
1501739622371500032,"lisa nicole rosado found uplift womenowned business explain neurodiversity herand business owner supportsthrive"
1501897988469248000,"3 child amp people refer tavistock clinic autism type neurodiversity reason change not_adequately investigate understand"
1501951216078573568,"free amp plan livity school passage art workshop plant amp paint chili pot woodland community centre leigham court road sw pj march pm learn cic"
1501960710951096320,"tonight pm ptpm join talk history author groundbreaking not_break free online host"
1501961765357293568,"never_ever netball hannah mcgregor netballer passionate raise profile neurodiversity sport"
1501965934453534720,"test expect minute dementia not_healthy embrace neurodiversity hope manage condition"
1502064383517671424,"fascinate comment sparkle queen accommodation"
1502236098143166464,"week plan community partnership event prep gender pay gap amp diversity survey datum middle mgmt amp staff learn team mate slack channel plot diversity recruitment initiative engineer"
1502261821797019648,"week scott soph amp mia greenbank college talk people employment project employment team email infoorguk call"
1502286745706156032,"national career week opportunity shine spotlight solent employment scheme support neurodivergent people employment"
1502322485794160640,"superb campaign idea people child parent honourbased violence word ad social medium channel utilise colour publicity material cite vital"
1502328539974098944,"girl mask defy stereotypical autistic behavior clinician carefully listen patient not_miss opportunity provide support"
1502337725403435008,"not_diagnose neurodiversity train job meet single criterion adult female adhd explain door child diagnose"
1502343641410514944,"neurodiversity neurodivergence book feature character neurological variance difference autism dyslexia adhd addition"
1502344298385350656,"deadline apply week neurodiversity program offer numb job opportunity view apply march"
1502436378600259584,"people upset amp abusive recently associate autism rainbow infinity insist neurodiversity broadly autism specific gold gold au periodic table"
1502585250739888128,"season memorable contestant lizzie acker film covid bubble represent neurodiversity world chat"
1502741191120629760,"autism diagnosis son pay privately school accept standard nhs diagnosis wait continue neurodiversity not_treat urgency"
1502978974653333504,"fascinate article autistic child"
1503008014827241472,"son decide time world understand autistic mind legitimate term write robert huber feel box disability punch"
1503064691324727296,"book list feature picture book middlegrade book center experience autistic individual child adhd neurodiverse character read"
1503105460819402752,"share freelance write opportunity newsletter tuesday havent late assume public neurodiversity support center pay structure outline pitch page"
1503115403832094720,"neurodiversity celebration week march check free virtual event"
1503133945981984768,"organ transplant autistics line"
1503243061794684928,"numb neurodivergent individual enter workforce increasesemployers respond grow neurodiversity employment employee shareholder customer"
1503286090907762688,"accord igdaa datum dev disable accord ukies whuch exclude neurodiversity amp mental health ukie datum dev equate aaas disable people"
1503325356396355584,"catch recent webinars focus neurodiversity music profession neurodiverse journey music teach child autism spectrum"
1503406953405587456,"student heres weekly update happen campus week episode inspirational womens week house enrichment neurodiversity week solidarity ukraine thursday march"
1503419388157992960,"celebration continue week bevy event attend neurodiversity superpower join zoom pm tonight book"
1503422099075051520,"celebrate neurodiversity"
1503431068975783936,"east berkshire neurodiversity network meet wednesday march network aim connect people improve understand neurodiversity support neurodivergent child people"
1503436658301149184,"feel world neurodiversity advocacy cliquey expect"
1503451829836808192,"fit symbol rainbow infinity symbol widely embrace neurodiversity awareness"
1503483718324920320,"neurotypical easy not_see invisible disability neurodiversity"
1503702152342028288,"pretend understand neurodiversity realise not_always convenient flexible accommodate unbelievably tire"
1.503702995565e+18,"proud fantastic project celebrate neurodiversity raise awareness challenge stigma discrimination video"
1503728495247208448,"news country embrace neurodiversity chile constitutional convention article neurodiversity add draft overwhelmingly positive vote"
1503740310010023936,"week join partnership webinar celebrate neurodiversity healthcare march pm book"
1503748788703408128,"neurodiversity screen industry foster workplace culture diversity equity inclusion perfect producer director company leader hod manager supervisor team apply"
1503763013140197376,"brain charity hold session neurodiversity step strawberry field event march neurodiversity train"
1503796350437236736,"delight craes join panel discussion neurodiversity transition education friday march gmt register event"
1503824338541154304,"not_a king crimson fanatic dear lord not_wait documentary psst fripp set radar sayin"
1503847010901798912,"worth celebrate move neurodiversity awareness"
1503875580776701952,"worth celebrate move neurodiversity awareness"
1503940186501046272,"reference life advice story datum conclude damage wellbeing live hide"
1503961763599065088,"address gap neurodiversity"
1504049879286431744,"week mark worldwide initiative aim transform neurodivergent individual perceive support involve activity event"
1504095325530857472,"host workshop design understand neurodiversity overcome potential learn barrier lead improve engagement successful outcome progression visit"
1504097156222885888,"return brilliant piece experience neurodiversity incredible power authentic representation story"
1504101695185371136,"week support launch neurodiversity business constituent time neurodivergent talent not_agree dan week launch parliament not_be proud"
1504138266420908032,"march join individual organisation globe participate neurodiversity celebration week selection event activity relevant resource"
1504155361795792896,"lad visit highland coo"
1504169880928591872,"sue sue marvellous colleague focus neurodiversity education mention lot talk"
1504169884401516544,"focus educational inequality learn diversity adopt neurodiversity framework"
1504169888121860096,"finally sue start lecture highlight cochairing international neurodiversity conference march mind bring edinburgh international conference centre online"
1504169900025253888,"neurodiversity paradigm replace core deficit model neurodiversity human vary brain information process behave neurodiversity explain individual labelledgroup difference"
1504169901589774336,"sue highlight common misunderstanding neurodiversity"
1504169903913283584,"neurodiversity not_a synonym special educational disability send rare acknowledge avoid change language not_action fail deliver inclusive acknowledge neurodiversity"
1504169905557577728,"neurodiversity not_only focus strength talent individual"
1504169907101093888,"neurodiversity paradigm not_reject concept disability"
1504169908682297344,"neurodiversity require rethink school neurodiversity affirmative school follow"
1504169916869525504,"create neurodiversity affirmative school sue highlight learn neurodiversity school project run aim create evaluate teach neurodiversity class"
1504170122587611136,"sue team teach neurodiversity reflect diversity experience provide alternative narrative school hard normalise concept provide answer reinforce privacy"
1504170609034551296,"finish sue reiterate home message autism understand neurodiversity paradigm apply neurodiversity school require shift perspective not_just language"
1504170611379167232,"neurodiversity affirmative school expect diversity teach selfadvocacy fight stigma profile individual not_the label collaborative coproduced researchbased resource join force campaign systemic change"
1504172238374944768,"final attend lecture crae not_be annual lecture youtube channel download slide"
1504185768398495744,"school source child extreme anxiety meltdown"
1504187255501508608,"attend college college grad wautism underemployed unemployed unacceptable listen late podcast practical advice flip statistic head"
1504215937364504576,"premium autotext macro simplify write task technology"
1504221438072532992,"sound cold not_he friend peculiar people neurodiversity not_desire flatmate interim solution city london rent love amp"
1504345274445049856,"inclusive school support neurodiverse hard"
1504383071591747584,"create talk productivity lens favorite time domain"
1504444193623715840,"not_regret asd not_even bite superpower grateful love piece dr camilla yang experience neurodiversity"
1504511161470967808,"neurodiverse bunch world productive"
1504549892416581632,"attend college college grad wautism underemployed unemployed unacceptable listen late podcast practical advice flip statistic head"
1504612592693792768,"putting weird bin obsession obsession bin neurodiversity swear bin catch guess"
1504750718116417536,"support neurodiversity celebration week neurodiversity celebration week worldwide initiative challenge stereotype misconception neurological difference"
1504839325636349952,"week join thursday march online session joanne day senior lecturer nurse education speak neurodiversity live experience book email staffwellbeinganddevelopmentacuk"
1504850252523839488,"thursday march pm join lead access consultant architect jane simpson helen kane jean hewitt online seminar share architect neurodiversity design"
1504895411307356160,"join pacey live webinar night hope speak dr pooja sharma neurodiversity not_worry miss catch"
1505014290469822464,"time moment familiarize unseen disability amp frustrate disability form"
1505191115464613888,"lot not_really sense favourite love piece dr camilla pang experience neurodiversity top tip support neurodiverse child"
1505382463694319616,"visual thinker not_have photographic memory nor_be head static gallery sensibly collect brain curate easy sense not_linear fluid flexible"
1505388167977115648,"diagnose compassionate halve distress occasion gift humanity"
1505413538004701184,"not_expect prepandemic level productivity traumatise population write lead undo hustle culture funny sigma male grindset meme scope slow productivity hustle amp neurodiversity"
1505471918438236160,"tomorrow start neurodiversity celebration week worldwide initiative challenge stereotype misconception learn disability include dyslexia ahead speak dyslexia campaign"
1505603680531230720,"bravo club invite kid design tshirts specifically not_to puzzle piece people associate autism speak flaw incomplete"
1505629754321481728,"attend college college grad wautism underemployed unemployed unacceptable listen late podcast practical advice flip statistic head"
1505725928596459520,"jim hogan leader disability alliance amp neurodiversity advocate share difference raise hand feature suggest text feature"
1505752366007689216,"miss webinar support developmental child neurodiversity watch record download slide website"
1505757288082063360,"neurodiversity celebration week global initiative aim world understand celebrate talent neurodiverse mind people heart county manukau health proud par"
1505816485666512896,"neurodiversity celebration week weeklong event design provide opportunity people learn neurodiversity neurodiverse people develop positive perception unique neurodiverse trait skill"
1505816684329852928,"week neurodiversity celebration week opportunity pegasus scheme scheme people hard communicate registration free"
1505816924588244992,"support neurodiversity celebration week march purpose world understand celebrate talent neurodiverse mind"
1505821764835762176,"mark day neurodiversity celebration week empower individual challenge stereotype misconception neurological difference"
1505827579718156288,"campaign universal screen dyslexia primary school teacher train neurodiversity amp support delight meet minister commit identification amp teacher train"
1505827804822319104,"support neurodiversity celebration week start worldwide initiative challenge stereotype misconception neurological difference information"
1505831581621051392,"celebrate neurodiversity support staff disability support staff aim create neuroinclusive environment mind thrive"
1505831604257763328,"support numerous event week include webinars panel discussion event aim educate encourage conversation neurodiversity"
1505831760030015488,"support numerous event week include webinars panel discussion event aim educate encourage conversation neurodiversity"
1505842834749992960,"happy join individual organisation world highlight importance neurodiversity host support event share relevant material improve understand"
1505843910924386304,"people brain function learn amp process information week aim increase awareness understand educate employee create neuroinclusive team workplace"
1505844290265784320,"join join rest world challenge stereotype misconception neurodiversity check event plan week learn share"
1505844649151369216,"neurodiversity celebration week myth bust"
1505846720512593920,"delight uk capability network launch employee train programme support network understand neurodiversity organisation"
1505846784056340480,"holly share worry diagnose adhd celebrate hear hub gt"
1505846939828563968,"competition people celebrate neurodiversity week launch close date st march"
1505847040059883520,"mark day neurodiversity celebration week empower individual challenge stereotype misconception neurological difference"
1505855553662242816,"week sjp neurodiversity celebration week panel event online detail website"
1505857141676068864,"neurodiversity celebration week worldwide initiative set challenge stereotype misconception learn difference week aim transform neurodivergent individual perceive support provide opportunity recognise"
1505857147514638336,"neurodiversity"
1505858018247856128,"mark day neurodiversity celebration week offer technology website improve access information empower neurological difference"
1505860282958192640,"day neurodiversity celebration week recognise talent advantage neurodivergent create diverse inclusive community"
1505861916098535424,"light neurodiversity week space resource student provide recognise neurological difference amp support empower individual click"
1505862537035853824,"learn communication style improve productivity accommodate people neurodiverse condition amp identify strength benefit organisation"
1505870655253884928,"reminder strength difference bring read ashley neurodivergent colleague"
1505872393667031040,"neurodiversity week love stop people talk dyspraxia simply physical disability dyspraxia not_just clumsiness lack grossfine motor skill impact brain learn speech heres matter"
1505873114579836928,"week neurodiversity celebration week cc proud support celebrate difference positive force change visit web page register event"
1505876879479386112,"proud support neurodiversity celebration week celebrate neurodiverse staff student"
1505876884571123712,"mark day neurodiversity celebration week aim empower individual challenge stereotype misconception neurological difference"
1505877168940892160,"neurodiversity business nib initiative launch march house common mission ensure workplace inclusion neurodivergent community"
1505878136101212160,"aig celebrate recognise contribution bring workplace"
1505882144169775104,"bridge gap scotlands employer highlyskilled neurodivergent workforce learn"
1505882752687788032,"kicksoff celebration week wonderful share tip support neurodivergent person"
1505884615889895424,"collaborate bridge gap scotlands employer highlyskilled workforce wealth"
1505886362964176896,"start aim challenge stereotype people neurological difference"
1505891648416460800,"week neurodiversity celebration week opportunity pegasus scheme scheme people hard communicate"
1505892098897285120,"week neurodiversity celebration week week aim transform neurodivergent individual perceive challenge misconception stereotype"
1505896268647784448,"join lead access consultant architect jane simpson helen kane provide accessible guide architect neurodiversity design free webinar march book ticket"
1505898082235568128,"celebrate neurodiversity appreciation unusual unlock progress rest honour difference"
1505903314319335424,"week neurodiversity celebration week proud support celebrate difference positive force change visit web page register event"
1505903747121262592,"neurodiversity celebration week release series film video focus adhd amp feature neurodivergent police officer amp firefighter film"
1505906683889041408,"job hunt neurodivergent people ai recruitment chance facial analysis technology recruitment accord people bias"
1505907107677323264,"recent interview ceo discuss label misconception society autistic people read interview"
1505907485001252864,"mark start neurodiversity celebration week worldwide initiative challenge stereotype misconception neurological difference click initiative"
1505908088905224192,"neurodiversity celebration week march benjamin ford behavioural therapist nhs live experience autism discuss importance support neurodivergent colleague nhs"
1505919518794731520,"mark day neurodiversity celebration week empower individual challenge stereotype misconception neurological difference"
1505922229200207872,"chance celebrate difference highlight incredible neurodiversity share profile list eye peel read impact list"
1505922230710161408,"conversation surround neurodiversity challenge person accomplish flip conversation change"
1505929384632500224,"excite speak recently fantastic siena castellon founder neurodiversity celebration week sienna list impressive achievement multiaward win neurodiversity advocate"
1505929386914193408,"author book spectrum girl survival guide spectrum girl survival toolkit leader uns sustainable development goal blog"
1505932993701072896,"neurodiversity celebration week amp offer free online event aim bring worldwide neurodiversity acceptance equality amp inclusion school amp workplace start celebrate mind"
1505935883345747968,"week highland radio highlight neurodiversity celebration week patrick sharkey speak neurodivergent people challenge overcome daily life ep adhd"
1.505937018811e+18,"multidisciplinary artist calum perrin explore theme disability sensory experience domesticity recent residency museum neurodiversity celebration week hear calum artquest podcast"
1505937277918326784,"neurodiversity celebration week celebrate unique process information relate debunk top myth neurodiversity"
1505938319376621568,"neurodiversity week permission nap hate not_function level celebrate week forgiveness nap"
1505946084325179392,"solicitor england wale mark start neurodiversity celebration week challenge stereotype misconception neurological difference mark start neurodiversity celebration week"
1505947096519696384,"legal profession mark neurodiversity celebration week"
1505963945898635264,"renegade excellent shirt percentage profit provide diagnose folk access service support not_afford"
1505969108730494976,"march celebrate watch content week heinemann blog meantime check popular blog"
1505974773322555392,"proud support week time celebrate neurodiverse success story week people inspire"
1505975517580865536,"neurodiversity celebration week energy tweet article tire hard uninterested people listen"
1505976646469312512,"week people donehow energy answer isadhd learn type neurodiversity support friend teammate"
1505977057855086592,"week neurodiversity celebration week reminder ignorant son autism diagnosis change write celine assaf"
1505978920847683584,"celebrate neurodiverse colleague mark neurodiversity celebration week firefighter arwen personal insight experience dyslexic adhd nick story late week"
1505982878970167296,"neurodiversity celebration week blossom dyspraxia story fall celebrate neurodiversity blossom"
1505986980252954624,"student support team mark series online workshop guest speaker morgan clark talk autism acceptance education thursday"
1505995836425228288,"neurodiversity celebration week worldwide initiative challenge stereotype misconception neurological difference change narrative"
1505997796779962368,"term neurodiversity cover adhd autism dyslexia dyspraxia understand embrace celebrate release true power autistic mind positive feature autism"
1506005272799727616,"happy week meet kayley ella student dyslexia share experience read learn recent webinar"
1506027878592524288,"hear dyslexia overwhelm emotion angry sad confuse dr blair kenney read"
1506027878814650368,"week neurodiversity celebration week reminder ignorant write celine assaf"
1506028642614202368,"business secretary unveil neurodiversity business forum support"
1506055555432914944,"feel understand represent positive week neurodiversity celebration week celebrate blog book portray neurodivergent character positive"
1506093246878937088,"neurodiversity celebration week"
1506093786253836288,"neurodiversity comic book neurodiversity celebration week"
1506105464743886848,"school not_really community uni meet people whove autistic meet nicole autistic undergrad amp miss galaxy australia finalist speak journey"
1506144696287911936,"neurodivergence teach live title heart pitter pat excellent interview dr camilla pang"
1506150294387789824,"neurodiversity workplace market sbs money vodcast"
1506185723334082560,"forward support ako charity ambassador"
1506188705282801664,"ahhh question diablo neurodiversity workplace accessibility microtalks update page information"
1506189441274200064,"blog highlight neurodiversity celebration week talk disability support inclusion service manager jen harley top study tip neurodiverse student"
1506194024755081216,"proud support neurodiversity celebration week week enable homerton staff disability network read experience people wednesday homertonlite enable staff intranet page"
1506194042396237824,"neurodiversity celebration week change narrative challenge stereotype misconception neurological difference event happen week"
1506194397108613120,"neurodiversity variation brain sociability mood mental process autism adhd dyslexia dyspraxia tourette syndrome neurodiverse colleague amp patient neurodiversity celebration week"
1506198707443752960,"neurodiversity celebration week create inclusive environment british land utilise assistive technology people neurological difference amp fair access information website amp intranet"
1506201518185201664,"film explore adhd autism dyslexia provide reallife insight condition bring strength talent workforce"
1506201519309291520,"film explore adhd autism dyslexia provide reallife insight condition bring strength talent workforce"
1506201519695220736,"film explore adhd autism dyslexia provide reallife insight condition bring strength talent workforce"
1506201770107801600,"week neurodiversity celebration week worldwide initiative challenge stereotype misconception neurological difference thread share helpful resource tip"
1506207841534849024,"celebrate neurodiversity autistic people space stress nice"
1506209074517405696,"week neurodiversity celebration week reminder ignorant son autism diagnosis change write celine assaf"
1506209077340299264,"not_always understand result neurodivergent candidate fall hurdle recruitment process recruiter power catalyst positive change"
1506209080448331776,"base experience hire neurodivergent people guidance expert field learn specifically recruitment professional hope understand neurodiversity"
1506209208622096384,"talk toby bennett speaker upcoming event thursday april forum event not_just debunk stereotype"
1506209414520442880,"neurodiversity not_limit success leanne camhs peer support worker"
1506209445688356864,"remind receive abuse person online neurodiversity contact time"
1506211493611810816,"neurodiversity term recognise amp difference read"
1506214183125331968,"week mark neurodiversity celebration week share story neurodivergent freelancers neurodiversity define neurological development atypical include condition adhd autism"
1506214343255465984,"study population identify neurodivergent extent speak freelancer community affect neurodiversity bad"
1506214662718861312,"key reason celebrate neurodiversity week raise awareness challenge neurodiversity positive freelancers rest result survey"
1506217222783569920,"mention delight neurodiversity celebration week judith"
1506217732219494400,"mark late aiq podcast steve farrall talk benefit neurodiverse workforce listen podcast"
1506219813470932992,"neurodiversity celebration week swing join celebrate live experience neurodivergent student graduate colleague week event webinars workshop"
1506219820592807936,"register neurodiversity amp build environment inclusive space webinar panel discussion reflect build environment transform experience outcome neurodivergent people"
1506228016657182720,"week neurodiversity celebration week uk neurodiverse neurodiversity describe difference brain include feel learn"
1506228370673176576,"join chief innovation officer rhiannon parker wednesday march gmt celebrate neurodiversity workplace session business disability forum bdf register free"
1506239360559104000,"celebrate brilliant skill staff bring business creativity drive passion solve workplace thrive"
1506259239790129152,"oxleas support neurodiversity celebration week neurodiversity celebration week worldwide initiative challenge stereotype misconception neurological difference check info event"
1506260204660396032,"employer keen learn neurodiversitythe legal context amp create inclusive environment join introduction support neurodivergent employee april ampm click book"
1506266145854271488,"host student ahead neurodiversity week learn development manager provide day fill career advice playtesting learn"
1506269679509250048,"speak ceo overcome challenge watch interview"
1506273939185676288,"special guest blog post john robison york time bestselling author eye teacher lead neurodiversity"
1506277018001883136,"ability ireland lead body perform art support neurodiversity amp mental health deliver bespeak creativelife skill programme check upcoming event teen amp kid"
1506278400524267520,"tomorrow pm join free online event neurodiversity"
1506280453585747968,"mark neurodiversity celebration week md personal line owen morris share neurodiversity workplace aviva support neurodiverse people"
1506282314497679360,"celebrate neurodiversity celebration week organise day conference series event highlight neurodivergent voice celebrate support offer exeter"
1506283062790967296,"reward watch child develop step neurodivergent child huge louise senior autism adhd specialist practitioner louise share expertise neurodiversity"
1506283610881634304,"love neurodiversity not_already neurodiverse not_stop people achieve succeed"
1506284631615840256,"week mark worldwide initiative aim transform neurodivergent individual perceive support involve activity happen city"
1506284873660649472,"celebrate neurodiversity healthcare join wednesday excite panel discussion neurodiversity healthcare register"
1506284876152152064,"proud support celebration week embrace talent unique learn neurodiverse people contribute society neurodiversity cover adhd autism dyslexia dyspraxia developmental language disorder"
1506285214200471552,"celebrate neurodiversity healthcare join wednesday excite panel discussion neurodiversity healthcare register"
1506296652189028352,"neurodiversity celebration week break online barrier enable customise digital experience suit check recite accessibility language tool website"
1506299789675270144,"shock autistic people uk form employment read build workplace article"
1506300056969875456,"neurodiversity week march worldwide celebration seek recognise challenge people live autism adhd dyslexia dyspraxia celebrate strength talent neurodiverse"
1506308467652444160,"proud found organisation draw knowledge neurodivergent expert lead company share practice improve employment experience neurodiverse workforce"
1506322543656980480,"congratulate person neurodiversity change individual commitment amp collective movement check schedule event"
1506351539044163584,"neurodivergent people not_have neurodiversity not_with effort listen"
1506360062129979392,"neurodiversity week reminder ignorant son autism diagnosis change celine assaf"
1506400525100908544,"totally lot people disability class sort unspoken rule invisible hear loss impair vision neurodiversity lot chronic mental health disability"
1506409873541672960,"neurodiversity celebration week amp provide awareness not_mean bad creative compassionate thoughtful"
1.506410972223e+18,"no_two people read article everyones brain interact world neurodiversity difference normal not_deficit celebrate"
1506541439068655616,"people neurodiversity choose additional support adjustment require neurodivergent share comment"
1506559014313906176,"week highlight neurodiversity celebration week patrick sharkey speak people challenge overcome daily life ep autism"
1506563110672515072,"neurodivergent untapped talent neurodivergent thinker skill employer digital tech industry cyber security gaming design code compliance"
1506571481748226048,"free introductory understand employer provide support overview neurodivergence legal implication support neurodivergent employee book"
1506571651227471872,"celebrate neurodiversity healthcare join excite panel discussion neurodiversity healthcare register"
1506571798451789824,"proud support time challenge misconception neurological difference celebrate neurodiverse mind increase understand neurodiversity"
1506571829477060608,"celebrate neurodiversity healthcare join excite panel discussion neurodiversity healthcare register"
1506575740271316992,"happy belated neurodiversity week observe adhd clock event day finish"
1506580403846631424,"ùêçùêûùêÆùê´ùê®ùêùùê¢ùêØùêûùê´ùê¨ùê¢ùê≠ùê≤ ùêÇùêûùê•ùêûùêõùê´ùêöùê≠ùê¢ùê®ùêß ùêñùêûùêûùê§ edgbaston recently launch ensure feel enjoy cricket celebrate neurodiversity wareness week step learn support"
1506583224960618496,"join neurodiversity team guide mindfulness walk local lunchtime destress enjoy beautiful weather pm meet northampton square bandstand"
1506586588263854080,"somerset fa support neurodiversity celebration week worldwide initiative challenge stereotype misconception neurological difference visit"
1506587639117488128,"jenny mclaughlin dyslexia adhd strong believer asset lead heathrows disability network ensure equitable seat table"
1506589075972755456,"celebration week wednesday dr steven kapp university portsmouth research people social justice perspective talk career researcher"
1506589537895653376,"tomorrow thursday march pm join lead access consultant architect jane simpson helen kane jean hewitt online seminar share architect neurodiversity design"
1506590684807057408,"people affect neurodivergent condition"
1506601907099381760,"neurodiversity celebration week moment read blog outsider inside story"
1506602586635386880,"week neurodiversity celebration week aim recognise talent amp advantage neurodivergent practical tip amp longerterm idea support neurodiversity workplace guide"
1506605556966080512,"week highlight neurodiversity celebration week patrick sharkey speak neurodivergent people challenge overcome daily life ep asperger"
1506610461302833152,"myth recognise neurodiversity include autism neurodiverse people similar not_succeed mental health condition affect spoiler false"
1506613552177631232,"host event week educate amp encourage conversation neurodiversity event free attend include intro neurodiversity autismadhd woman amp girl underidentified amp undersupported amp"
1506613559593213952,"difference relative connectivity brain lateral blog public scholar bring capability mix quest"
1506620539355508736,"week st march march neurodiversity celebration week uk lisa explain neurodiversity podcast visit listen podcast"
1506622546749366272,"adhd superpower email kryptonite iain preston chief client success officer wunderman thompson emea talk campaign agency life neuro distinct leader read"
1506624717159030784,"utterly brilliant write utterly brilliant piece livingworking dyslexia not_change nor_should fuck"
1506638647793229824,"proud support neurodiversity celebration week celebrate neurodiverse staff student"
1506638776470286336,"amaze wpa amp event set team representative service join support mind"
1506647154869350400,"celebrate difference raise awareness empower individual"
1506649296220921856,"struggle mood swing learn adhd"
1506652741506150400,"proud community promote inclusion diversity hope connect people recognise strength neurodiversity bring table proud community joanne"
1506656587905183744,"neurodiversity business nib businessled forum function industry organisation share industry practice neurodiversity recruitment retention empowerment read nib"
1506662167818510336,"employer champion neurodivergent colleague serial ambassador share tip read"
1506665918063005696,"not_autism square peg world create neurodivergents lightyears understand world labyrinth neurodiversity"
1506669855818326016,"network host event discuss intersection neurodiversity lgbt identity law"
1506675164460863488,"major depressive disorder spectrum disorder symptom overlap deceptive review diagnostic challenge"
1506677155303809024,"learn life student neurodiversity session learner assemble brain identify shape piece"
1506677193279164416,"uk resident neurodiverse neurodiversity celebration week proud break online barrier enable customise digital experience suit"
1506692288256385024,"video series neurodiversity celebration week focus dyslexia amp feature neurodivergent police officer firefighter amp staff watch video click"
1506695623524945920,"article grateful shine light humble mention page amp strive day create mindful safe amp inclusive space amp voice guide light"
1506698794070691840,"struggle mood swing learn adhd"
1506744797666623488,"march link pack resource educator resource add comment"
1506752656588562432,"premium connect dot"
1506800686218022912,"form require bravery grow sense worth amp ideally network supporter navigate beginning nicole hope student confidence autistic"
1506814806153695232,"march celebrate watch content week heinemann blog meantime check popular blog"
1506857498883813376,"neurodiversity celebration week aim transform neurodivergent individual perceive support recognise talent advantage neurodivergent celebrate mind"
1506867845636014080,"anna radio ago ive bad week entire life son life organ donation fight awareness"
1506903738790952960,"launch bsi standard neurodiversity expand notion inclusive design helen castle ribas director publish chair enable community discuss"
1506904147576061952,"struggle mood swing learn adhd"
1506909943517126656,"neurodiversity celebration week celebrate mind numerous event week aim educate encourage conversation neurodiversity involve"
1506909943617789952,"neurodiversity celebration week celebrate mind numerous event week aim educate encourage conversation neurodiversity involve"
1506919116510273536,"week mark strive workplace neurodiversity staff set break barrier amp stereotype amp collective team support colleague amp resident"
1506921270360825856,"join found foster environment neurodivergent people form invaluable culture"
1506929351971033088,"neurodiversity variety neurotypes humanity include neurotypicals neurodivergency neurotype norm include autism adhd dyspraxia lot"
1506930481589334016,"delight sponsor 2 inclusion project award celebrate neurodiversity award ticket join award live pm gt"
1506934221084020736,"uk resident neurodiverse neurodiversity celebration week proud break online barrier enable customise digital experience suit"
1506947624250884096,"huge talent pool neurodivergent thinker keen bring soughtafter skill world digital technology learn"
1506949240811147264,"background law society opportunity succeed reward profession stephanie boyce mark"
1506952297271771136,"change perception neurodiversity learn neurodiversity celebration week hear school business challenge preconception neurodivergent individual perceive support"
1506954937267277824,"register free join panel discussion seldom discuss difference chair dyspraxia neurodiversity advocate lesser condition pm"
1506955812538830848,"neurodiversity refer variation human brain regard sociability learn attention mood mental function term learn lmf network research hear"
1506963318967312384,"lovely invite talk pupil adhd experience podcast child hard question honour experience mic"
1506965054901657600,"challenge stereotype misconception neurological difference change narrative wealth tool information event neurodiversity"
1506967135171526656,"week neurodiversity celebration week brit neurodivergent lead superpower creative solve eq multitask amp swift mastery discipline"
1506974452994686976,"fantastic join amp launch forward founder brilliant business neurodiversity strength not_a weakness"
1506979151378583552,"week neurodiversity celebration week uk neurodiverse neurodiversity describe difference brain include feel"
1506979505180708864,"organization google microsoft create initiative hire company inevitably follow suit top attract hire neurodivergent talent"
1506988452604260352,"neurodiversity not_a superpower anonymous creative share struggle neurodiversity adland"
1506989508549648384,"miss macro teacher neurodiversity celebration week student experience dyslexia"
1506994673264508928,"offer numb teamnhft amp service user design amp deliver expert experience amp train attendee join neurodiversity session diversity autism spectrum sign"
1506995795106668544,"neurodiversity support resource online website"
1507002929399537664,"celebrate neurodiverse colleague 2 video mark neurodiversity week firefighter nick talk diagnose asperger syndrome form autism"
1507002980150624256,"neurodiversity week bring organisation challenge stereotype misconception neurodiverse condition recognise strength neurodivergent individual bring hard ensure service inclusive representative"
1507009595880841216,"champion amp shoutout"
1507016903956434944,"launch guide recruiter understand support neurodiverse candidate discover"
1507017899994624000,"spare cape neurodiversity not_a superpower"
1507028227113504768,"revisit podcast episode expert discuss create neurodiversityfriendly workplace people alternative style thrive"
1507028230456360960,"guidance nurse nurse support worker nurse student manager support staff read"
1507029984417918976,"pin clinical resource center stay connect relevant clinical update research treatment patient care"
1507032495220576256,"network run disability neurodiversity project lgbt disable andor neurodivergent people"
1507033503547994112,"child wait send diagnosis neurodiversity paradigm offer approach"
1507034083771232256,"neurodiversity celebration week empower individual challenge stereotype misconception neurological difference"
1507048400507871232,"week irelands st celebrate amp raise awareness neurodiverse experience interact world neurodiversity include autism adhd dyslexia dyspraxia"
1507049102240067584,"addition march march national health awareness week join pm pm pt special guest"
1507049863313301504,"celebration week beck chamberlain heslop speak experience disable nonbinary person read beck story"
1507054650175864832,"struggle mood swing learn adhd"
1507068225397436416,"celebrate"
1507080114206654464,"panel pm feature awn lydia xz brown kayley whalen amp lgbtq identity watch panel host amp"
1507084962578804736,"proud support schedule free event include webinars discussion aim educate encourage conversation neurodiversity provide safe space celebrate mind"
1507086239186436096,"minute episode discuss identity tune live start pm learn watch ondemand"
1507092394184884224,"talk live identity neurodiversity"
1507121959544496128,"info dean"
1507153808144715776,"neurodiversity awareness week podcast celebrate neurodiversity dr manju banerjee maggie beattie roberts"
1507167912959770624,"contratulations founder manage partner silvia flores list top woman leader houston hard generate awareness neurodiversity"
1507176919523295232,"week neurodiversity celebration week strength positive aspect neurodivergentare aware"
1507192798172307456,"neurodivergent teacher imagine positive impact neurodivergent student special blog post bestselling author eye"
1507236002846363648,"partner council nhs organisation transform neurodiversity service"
1507251183039172608,"roundup resource educate classroom school community support neurodivergent student colleague"
1507260244958887936,"neurodiversity paradigm offer hope improve support send pupil heres explain"
1507272333265936384,"child neurodiversity brilliantly unique"
1507273799502381056,"peterborough hero week hero local campaigner autism neurodiversity week launch house common organisation support amaze achievement"
1507281153472053248,"celebrate staff worthwhile late blog learn neurodiversity neurodiverse people struggle bring talent workplace"
1507281307851800576,"celebrate difference raise awareness empower individual"
1507292833451069440,"week highland highlight neurodiversity celebration week patrick sharkey speak neurodivergent people challenge overcome daily life ep dyslexia"
1507307700111220736,"episode inclusive recruitment discussion panel neurodiversity expert susy ridout architect planner pooja agrawal business psychologist dr binna kandola obe listen"
1507314157875519488,"proud celebrate people occupational health technician chris diagnose dyspraxia read chriss story support neurodiverse people"
1507320479849361408,"meet person meet neurodiverse person meet aj balance principal software engineer challenge gt"
1507326581450199040,"volunteer champion neurodiversity natalies blog rfa volunteer experience"
1507331357864775680,"final film series neurodiversity celebration week autism feature neurodivergent police officer firefighter amp staff watch video click"
1507348804324007936,"approach neurodiversity celebration week week dedicate worldwide acceptance equality inclusion people neurodiversity school workplace"
1507349083643650048,"student amp staff guide mindful walk week organise amaze neurodiversity team not_able join download app walk spare time discover hide gem city"
1507357222761902080,"mark stephanie boyce speak support individual organisation difficult action accelerate change profession"
1507363675153190912,"proud support neurodiversity celebration week celebrate neurodiverse staff student"
1507380394777354240,"harman recognize time dialogue guide employee monica hoffman director talent management share experience learn"
1507386990223933440,"twinkl send lucky speak lizzie acker experience neurodivergent bake amp beloved fan creative bake amp bubbly nature watch interview"
1507395964029612032,"pass phd upgrade study chemistry classroom thread teacher bonus tweet chemistry teacher learn"
1507401503434326016,"pleasure sit talk neurodivergents struggle fit business forum change"
1507410741296607232,"awareness week excite upcoming conext event josh smith speaker hope join educate share discover"
1507441049664380928,"week neurodiversity celebration week week assembly neurodiversity"
1507442201617440768,"employee resource grow include neurodiversity gain create inclusive supportive community neurodiverse employee supportive company join"
1507447340881395712,"lot successful people walk life attribute strength talent unique film"
1507451028039675904,"neurodiversity feel comfortable realise not_little"
1507451030027522048,"neurodiversity feel comfortable realise not_little"
1507451030233096192,"neurodiversity feel comfortable realise not_little"
1507451030270840832,"neurodiversity feel comfortable realise not_little"
1507451032124551168,"neurodiversity feel comfortable realise not_little"
1507508664193626112,"career classical music sophia rethink neurodiversity"
1507523924564738048,"career classical music sophia rethink neurodiversity"
1507538075840299008,"korn ferry report explore understand thrive"
1507539086785007616,"adp grow career amp provide family stay person neurodiversity chance contribute unique rote memorization amp process learn austin"
1507642403477467136,"st albans theatre support neurodiversity stage"
1507652336625369088,"neurodiversity term recognise amp difference read"
1507658850324865024,"sit creative access employer train trainee simba chat adjustment adhd top tip neurodivergent people workplace"
1507662147815448576,"icymi spare cape neurodiversity not_a superpower"
1507697625667092480,"raise awareness staff neurological difference people workplace remind resource twfrs diversity staff network neurodiversity"
1507703733534216192,"kate fullen twfrs inclusion advisor celebrate neurodiversity recognise strength individual reach true potential benefit"
1507703954179776512,"recently join neurodiversity business found thrill start organisation aim develop neuroinclusive workplace improve participation neurodivergent workplace"
1507704988637835264,"heres idea autism acceptance week wc march cancel hire aggregation site employer algorithmic recruitment practice people box not_innovate"
1507707650565357568,"autistic pay ons not_just voice society agency"
1507719299502379008,"celebrate difference raise awareness empower individual"
1507734946370174976,"ripple effect initiative educator student parent neurodiverse individual powerful life"
1508046581475463168,"not_think angela neurodiversity include human planet brain wire not_bad"
1508049630021529600,"term neurodiversity"
1508052468143427584,"attend recent pacey live webinar speak dr pooja sharma neurodiversity not_worry miss catch free"
1508081155907723264,"write cast intentionally addition incredible act skill portrayal asd authentic not_a story asd character happen neurodivergent"
1508107845048279040,"mark neurodiversity celebration week grace mitchell operational risk team share experience dyslexia business neuroinclusive"
1508111869839556608,"government fund idea drama student nadia gill reality launch campaign destigmatize adhd"
1508128725090639872,"stop scroll distract sunday night catch excite late news chief executive future bright victoria hospital deal launch adult neurodiversity service catch"
1508130070858194944,"fascinate feature neurodiversity difficult task easy feel brain operate optimal efficient load lol multitask"
1508183931266338816,"join wed apr pm etpm pt free online conversation bestselling history sponsor preregister link"
1508210298976571392,"history neurodiversity helpful promote understand"
1508216214434516992,"neurodiversity advantageour team simply fast precise datum process chief australian spatial analytics hire neurodiversity meet datum analytics demand"
1508264608796184576,"link pack resource educator"
1508345645328863232,"celebrate colleague heidi share experience diagnosis navigate challenge workplace support line manager colleague network"
1508345667390947328,"support week share video information support promote support awareness"
1508368325394505728,"employment programme director speak progress neurodiversity event thursday march join employ autism network"
1508368500859056128,"competition people celebrate neurodiversity week launch close st march email charlescracknellgovuk detail"
1508370675953811456,"student heres weekly update happen campus week episode solidarity ukraine neurodiversity week chef competition thornton college macmillan cancer walk enrichment lanyard easter break amp catch session"
1508384055213051904,"delight celebrate neurodiversity community recognise neurodivergent people organisation genius withins celebrate neurodiversity award ceremony hold lseg special event close londons market mark occasion"
1508385046914338816,"delight celebrate neurodiversity community recognise neurodivergent people organisation genius withins celebrate neurodiversity award ceremony hold lseg special event close londons market mark occasion"
1508410070127689728,"celebrate neurodiversity week hold series event celebrate promote awareness check programme"
1508413845299204096,"march april register access learn autism resource pack create autism education trust"
1508424931842965504,"partner clpe associate school create book list wonderful selection book fiction nonfiction autism neurodiversity"
1508429323610603520,"aim achieve reduction life expectancy gap people mental illhealth learn disability autismneurodiversity population life thousand people live west yorkshire"
1508439716533841920,"foster inclusive society awareness acceptance neurodiversity"
1508440455448567808,"mark begin team wear gold ribbon pride ribbon infinity loop symbol neurodiversity"
1508443792248033280,"neat grow discussion neurodiversity opportunity people plug learn chat neurodiversity extraordinary"
1508447590576275456,"corner april meet person spectrum attend rhodes scholar column ryan dawkins"
1508459168411406336,"event focus topic select norfolk professional event support employee colleague friend"
1508476177433993216,"fun team team prove perform team consist neurotypical individual not_sure onboard community team check"
1508493422860009472,"boise weekly story candy shop provide job train employment people intellectual developmental disability"
1508521824241557504,"key improve care autistic people allage neurodiversity autism adhd deep diva west yorkshire"
1508533199667826688,"center disease control prevention estimate child age developmental disability"
1508534390904832000,"center disease control prevention estimate child age developmental disability woman mission bring inclusivity forefront employment"
1508543951891939328,"owner neurodiverse universe mission bring inclusivity forefront employment"
1508549490571038720,"cdc estimate child age developmental disability mind owner madam clutterbuckets neurodiverse universe nc mission bring inclusivity forefront employment"
1508562071603990528,"carolina moment owner madam clutterbuckets neurodiverse universe asheville mission bring inclusivity forefront employment"
1508564084874219520,"store goal disability platform break stigma surround people disability"
1508572161094701056,"diploma quiet struggledi decision la trobe support subject offer nicole missios share story student"
1508587237201653760,"center disease control prevention estimate child age developmental disability"
1508594791558356992,"center disease control prevention estimate child age developmental disability"
1508606111670161408,"cdc estimate child age developmental disability mind owner madam clutterbuckets neurodiverse universe nc mission bring inclusivity forefront employment"
1508624989561372672,"spread awareness people disability integrate community workplace"
1508725318193975296,"world release incredible film neurodiversity stem feature film create programme support"
1508742007346270208,"center disease control prevention estimate child age developmental disability"
1508761394484846592,"academic dr rebecca wood book learn autistic teacher neurodiversityinclusive school publish april celebrate subsequent book launch april"
1508763396916846592,"pcso pete nichol visit bassenthwaite school morning talk child neurodiversity week discuss people neuro disability adha autism dyslexia police support people"
1508776057264132096,"leon county celebrate autism neurodiversity april art exhibit sensory story time resource fair sensory steam adventure bag age ability learn"
1508799270471749632,"personal story write word neurodiversity neurodivergent not_mean specifically context term broadly not_just autism community"
1508809711361081344,"conversation neurodiversity bring complicate set question change treat mental difference embrace naturally occur diversity"
1508815178527391744,"people uk neurodiverse nurse standard explore support network nurse condition autism dyslexia set staff thrive"
1508818763080253440,"carolina moment owner madam clutterbuckets neurodiverse universe asheville mission bring inclusivity forefront employment"
1508824700687990784,"love beautiful thoughtful piece neurodiversity meansespecially neurodivergent"
1508834668040359936,"easy accept neurodiversity not_a exception"
1508836430306496512,"word neurodiversity neurodivergent widely workplace initiative social medium signify"
1508878402475986944,"podcast dr diva history neurodiversity movement neurodiverse learner inclusive classroom listen"
1508931761480343552,"movement push accept cognitive mental difference people feel"
1508987873948835840,"check link pack neurodiversity resource educator"
1509063067962732544,"not_forget competition people celebrate neurodiversity week launch close tomorrow march"
1509063876989657088,"curious neurodiversity learn intertwine teach not_miss conversation"
1509075373052600320,"disable academic amp neurodiversity read amaze move london ago amp top tip"
1509093091600441344,"employment programme director speak progress neurodiversity event thursday march join employ autism network"
1509093202397179904,"hall celebrate neurodiversity"
1509108411891343360,"friday sound designer discuss gaming industry neurodivergent"
1509143900828667904,"day not_deal white cook rubbery complicate neurodiversity food sensory issue lot unpack talk"
1509149438719283200,"luke gawthorn speak autism role"
1509161055238463488,"world autism acceptance week march april neurodivergent accessibility advocate heidi share story"
1509168570219085824,"time celebrate neurodiversity challenge barrier inclusion society celebrate list fundraise boost acceptance"
1509173184267960320,"concept neurodiversity ultimate aim brain type accept cannot_happen neurotypical brain default othered"
1509195998735777792,"join quiz governess celebrate day chase decent"
1509198842645958656,"celebrate brilliant woman norfolkour awesome account manager rise steward hard initiative speaker upcoming neurodiversity event thursday book"
1509235294008188928,"attendance tonight launch"
1509237484583940096,"systemic socialization failure people neurodiversity rock nvld diagnosis effort merge reality intersect aim"
1509242990761492480,"dairine amp leo julienne amp ian caroline amp stefan nessa amp tom set meet plan neurodiversityfriendly village delight"
1509244461221654528,"people uk neurodiverse nurse standard explore support network nurse condition autism dyslexia set staff thrive"
1509244761785389056,"officially catch query writer friend reminder story celebrate neurodiversity neurodivergent author joyful fiction nf adoption adoptee surprise genreblending romcoms"
1509252602269212672,"psychology professional understand learn difference patient effectivein classroom"
1509289368938291200,"premium dyslexic thrive learn learn"
1509289425473265664,"viola player sophia mackson diagnose adhd call rethink neurodiversity classical music"
